Year,Municipality,Population,Mortality_per_1000,Infant_mortality_per_1000,Births_per_1000,Unemployed_total,Average_income,Pharmacies_total,Total_crimes,Marriages_per_1000,Divorces_per_1000,Median_price_sqm
2024,Abrantes,33770,16.5,0,7,1328,1289,15,840,2.6,1.4,717
2024,Agueda,47727,11.4,0,7.3,1157,1280.2,14,1420,1.4,1.8,960
2024,Aguiar Da Beira,5326,23.5,0,5.1,82,1016.9,2,140,3.2,1.3,378
2024,Alandroal,4973,21.1,0,5.8,81,1171.4,4,91,4.8,1.8,705
2024,Albergaria-A-Velha,26171,10.2,5.7,6.8,516,1349.1,9,830,4,1.6,1198
2024,Albufeira,48807,8.7,9.5,10.9,2592,1216.3,9,3819,5.9,1.9,2921
2024,Alcacer Do Sal,11036,15,0,5.7,182,1210.1,5,615,2.4,1.1,1394
2024,Alcanena,12876,13.1,11.2,6.9,280,1324.3,5,358,0.7,1.3,680
2024,Alcobaca,57973,12.3,0,7.5,1171,1214.6,16,1402,4,1.7,1330
2024,Alcochete,20462,8.4,0,8.1,403,2338.9,5,606,7.5,2.1,2073
2024,Alcoutim,2401,24.1,0,2.5,33,1145.8,2,99,4.2,0.8,
2024,Alenquer,49474,9.4,6.8,9,1371,1382.7,13,1314,3.9,1.5,1529
2024,Alfandega Da Fe,4178,18.3,0,2.6,211,1002.3,2,110,1.4,1.9,323
2024,Alijo,10296,13.7,20,4.8,507,1107.7,8,229,1.2,1.1,466
2024,Aljezur,6501,12.3,0,9,200,1093.1,3,354,8.7,1.6,3018
2024,Aljustrel,8923,15.1,0,8.3,245,1473.4,5,307,1.3,1.1,592
2024,Almada,183643,11.8,9.3,9.5,5578,1354.3,49,7439,2.2,1.6,2578
2024,Almeida,5634,25.1,0,3,83,1083.5,2,280,0.9,0.4,316
2024,Almeirim,23087,14.8,6.1,7.1,571,1235.1,7,895,3.7,1.7,1074
2024,Almodovar,6652,20.2,0,6,134,1117.8,2,196,3.1,0.7,568
2024,Alpiarca,7493,14.8,0,8.2,173,1154.9,3,340,2.6,1.4,984
2024,Alter Do Chao,3222,21.2,0,5.3,123,1103.3,4,112,3.7,0,452
2024,Alvaiazere,6479,15.4,0,5.5,113,1135.6,4,148,3,1.4,573
2024,Alvito,2303,19.6,45.5,9.6,74,1266,2,107,5.2,1.3,764
2024,Amadora,181607,9.4,5.6,11.8,4895,1734.8,42,5241,1,1.6,2493
2024,Amarante,52169,11,3.4,5.7,1940,1133.8,14,1034,4.1,2,943
2024,Amares,19782,10.1,0,6.5,515,1152.4,4,355,3.5,1.4,1140
2024,Anadia,28512,13.8,0,6.2,501,1203.3,13,648,2.9,1.8,757
2024,Angra Do Heroismo,33701,10.9,0,6.5,,1266.8,10,1180,5.2,2.2,1015
2024,Ansiao,11930,14.5,0,5,234,1182.5,5,230,2.3,1.5,553
2024,Arcos De Valdevez,20819,19.3,0,5.1,461,1140.4,6,643,2.5,1.1,773
2024,Arganil,11447,16,16.9,5.2,328,1070.2,4,244,3,1.5,548
2024,Armamar,5635,15.2,47.6,3.7,204,1070.8,2,117,3.9,1.2,200
2024,Arouca,20826,10.3,0,6.2,424,1174.6,7,304,3,1.9,727
2024,Arraiolos,6870,13.6,20.8,7,110,1200.1,6,158,3.4,1.5,825
2024,Arronches,2767,21.7,0,6.5,55,1101.5,3,65,4,2.2,610
2024,Arruda Dos Vinhos,15752,8.7,0,8,242,1283.1,2,402,4.9,1.7,1605
2024,Aveiro,88154,8.8,0,7.4,2287,1517.8,21,2786,3.8,2.1,1762
2024,Avis,3759,21.7,0,5.6,132,1193.6,5,280,2.9,0,567
2024,Azambuja,23448,11,0,7.7,592,1226.3,6,983,3.2,1.1,1309
2024,Baiao,17088,11.6,0,5.5,867,1039.5,6,421,2.3,1.5,573
2024,Barcelos,116959,8.5,3.5,7.4,2504,1165.1,27,1906,3.2,1.8,1277
2024,Barrancos,1415,22.5,0,6.3,67,1036.5,1,71,5.6,2.1,
2024,Barreiro,81131,12.6,3.6,10.4,3104,1337.8,23,3286,5,2,1922
2024,Batalha,16894,10.9,0,7,274,1294.8,4,457,3.3,1.8,886
2024,Beja,33954,13.4,0,8.9,1237,1298.9,13,1542,3.2,1.8,890
2024,Belmonte,6265,15.2,0,5.8,203,1041.9,2,269,1.4,0.6,517
2024,Benavente,33131,10.3,0,8.7,925,1348.8,7,1072,3.3,1.8,1527
2024,Bombarral,14272,12.5,0,5.7,336,1130.1,4,348,4.7,1.9,1272
2024,Borba,6378,17.5,0,5.8,228,1139.8,4,211,0.9,0.8,654
2024,Boticas,4832,21.4,0,4.9,99,1051.7,2,113,1.2,1.4,
2024,Braga,203519,7.3,3.2,7.8,6241,1391.4,38,4675,3.8,1.6,1620
2024,Braganca,35581,14.6,0,6.2,1138,1236.4,9,1012,2.9,1.8,820
2024,Cabeceiras De Basto,15538,11.6,0,6.5,662,1016.1,4,348,4,1.7,545
2024,Cadaval,14711,13,0,5.4,293,1176.9,5,332,2.3,1.6,1031
2024,Caldas Da Rainha,55206,11.3,2.6,7.1,1318,1241.3,15,1339,3.2,1.3,1552
2024,Calheta [R.A.A.],3486,12,43.5,6.6,,1078.9,2,74,1.4,2,601
2024,Calheta [R.A.M.],11377,10.8,0,6.9,,1321.5,4,147,6.8,1.7,1244
2024,Camara De Lobos,33243,7.9,0,9.3,,1137.2,8,963,2.9,1.6,1504
2024,Caminha,16604,12.6,10.4,5.8,380,1069.7,5,591,2.8,1.8,1372
2024,Campo Maior,7877,12.9,0,5.1,347,1496.2,4,392,2.3,1.6,556
2024,Cantanhede,35399,13.5,0,7,736,1290.3,16,1094,3.1,1.5,932
2024,Carrazeda De Ansiaes,5368,18.4,0,2.2,198,1012.8,2,116,2.4,2,369
2024,Carregal Do Sal,9261,15.5,0,6.7,255,1207.8,5,242,2.1,2.1,438
2024,Cartaxo,24711,11.9,0,6.5,536,1243.7,8,694,3.7,1.9,1159
2024,Cascais,222339,9.9,5.2,7.8,5877,1449.8,42,6281,3.3,1.6,3872
2024,Castanheira De Pera,2756,13.9,0,6.2,78,1076.2,1,100,2.6,0.7,402
2024,Castelo Branco,53342,14.9,0,7.6,2000,1199.5,18,1750,3.6,2.1,686
2024,Castelo De Paiva,15395,9.6,0,5.6,563,1077.4,4,269,3.9,1,681
2024,Castelo De Vide,3180,20.7,0,5.3,52,1102.9,3,118,4.4,0.9,547
2024,Castro Daire,13790,16.9,0,4.5,463,1078.7,5,250,4.1,2.2,458
2024,Castro Marim,6983,15.8,0,6.5,175,1088.5,2,309,7.2,0.6,2063
2024,Castro Verde,6946,18.1,0,7.9,138,2479.1,3,226,2,1.6,854
2024,Celorico Da Beira,6635,17.8,0,5.6,158,1165.1,4,171,1.4,1.4,333
2024,Celorico De Basto,17637,13.7,0,4.8,760,1015.3,5,328,2.5,1.5,540
2024,Chamusca,8549,17.9,0,8.1,164,1194.4,9,249,0.2,0.6,709
2024,Chaves,37322,15.6,0,5.4,1265,1181.3,12,1113,4,1.9,958
2024,Cinfaes,17293,13.2,0,5.2,969,1080.7,9,337,2.2,1.8,333
2024,Coimbra,146899,10.8,0.9,7.5,4206,1418.6,49,4003,2.6,1.6,1719
2024,Condeixa-A-Nova,17882,11.8,0,7.8,290,1237.9,5,211,4.1,1.4,1239
2024,Constancia,4020,14.3,37,6.8,112,1418.8,3,89,7,1.8,835
2024,Coruche,17298,21.5,12.2,4.7,485,1209.6,6,633,2.5,1.4,1098
2024,Corvo,437,11.5,0,2.3,,1500.1,1,3,2.3,0,
2024,Covilha,46606,13.6,0,6.3,1596,1178.5,22,1534,2.9,1.6,779
2024,Crato,3249,26.7,0,4.9,100,1055.9,5,103,4,0.9,313
2024,Cuba,4469,20.1,27,8.3,168,1110.8,3,225,4.9,1.1,653
2024,Elvas,20325,15.2,0,6.6,978,1098,10,881,2.9,1.7,719
2024,Entroncamento,22604,10.3,0,11.3,831,1343.3,4,912,1.7,1.4,1231
2024,Espinho,32736,12.6,0,4.9,1107,1244.2,10,1069,10.8,1.3,2315
2024,Esposende,37722,8.5,3.2,8.3,764,1160.4,8,1012,4.1,1.5,1739
2024,Estarreja,27474,12.5,5.2,7,730,1504.1,6,855,2.9,1.8,1017
2024,Estremoz,12482,16.8,0,8.5,323,1170.8,7,405,3.4,1.6,775
2024,Evora,53908,12.4,2.3,8.1,1490,1369.7,22,1441,4.8,1.6,1878
2024,Fafe,48420,11,0,6.6,1890,1065,9,1281,3.7,1.5,1064
2024,Faro,70347,10.7,1.7,8.3,1812,1375.8,17,3500,2.4,1.6,2388
2024,Felgueiras,55223,7.9,5.1,7.1,2381,1096.3,12,1424,3.3,1.4,936
2024,Ferreira Do Alentejo,7902,21.5,0,7.5,309,1230.3,6,387,5.1,1.3,496
2024,Ferreira Do Zezere,8115,13.4,0,5,109,1158.4,4,188,3.3,1.3,832
2024,Figueira Da Foz,61397,13.4,0,6.8,2338,1395.5,24,1579,4.1,1.7,1450
2024,Figueira De Castelo Rodrigo,5021,21.5,0,5.6,138,1036.3,3,211,1.2,2.4,238
2024,Figueiro Dos Vinhos,5325,14.7,0,5.5,159,1077.2,6,109,2.3,1,560
2024,Fornos De Algodres,4400,18,87,5.2,118,1011.3,2,121,2.5,0.2,257
2024,Freixo De Espada A Cinta,3058,30.7,55.6,5.8,157,1050.9,1,126,1.9,0.6,364
2024,Fronteira,2974,21.2,0,5,85,1111.3,3,69,7.1,1.4,573
2024,Funchal,108129,10.8,1.4,6.5,,1377.8,28,3551,4.8,2,2641
2024,Fundao,27285,15.7,0,6.2,682,1186.9,10,1159,3.7,1.4,596
2024,Gaviao,3263,34.9,0,3.9,79,1252.5,4,105,3.9,0,335
2024,Gois,3822,21.5,0,6,104,1001,2,96,1.3,0.5,469
2024,Golega,5488,15.4,0,6,81,1224.7,3,186,17,2.6,851
2024,Gondomar,169388,9.6,2.6,6.8,5410,1222.9,34,3256,2,1.8,1724
2024,Gouveia,12301,18.7,0,4.9,326,1098.8,8,299,2.5,1.9,406
2024,Grandola,14226,15.1,0,10,207,1408.7,5,714,3.7,1.3,1934
2024,Guarda,40046,13.4,0,6.8,993,1330.6,13,988,3,1.2,777
2024,Guimaraes,156513,8.9,1.8,7.2,6602,1179,35,3032,2.2,1.7,1263
2024,Horta,14466,9.9,8.9,7.7,,1315.4,5,448,3.2,2.1,1029
2024,Idanha-A-Nova,8541,25.2,0,5.8,415,1171.5,8,424,2.3,0.9,252
2024,Ilhavo,43210,9.4,0,6.8,1032,1403.3,8,1466,2.1,1.3,1603
2024,Lagoa,25535,9.8,0,8.6,826,1264,8,1126,2.9,1.9,2758
2024,Lagoa [R.A.A.],15130,7.6,0,8.7,,1173,5,670,1.1,1.8,1248
2024,Lagos,35241,10.7,10.5,8.2,1009,1185.7,8,1490,5.1,1.7,3273
2024,Lajes Das Flores,1456,13.1,0,7.6,,1122,0,21,2.1,2.8,
2024,Lajes Do Pico,4398,15.5,26.3,8.6,,1064.6,2,51,2.7,1.1,994
2024,Lamego,24037,13.1,0,5.1,1487,1123.1,12,522,3,1.7,695
2024,Leiria,136006,9.9,0,8,3211,1334.9,33,3584,3.5,1.8,1412
2024,Lisboa,575739,11.5,1.7,10.1,18662,1985.6,245,30853,4.9,1.4,4207
2024,Loule,75764,11.6,6.3,10.6,2000,1264.5,15,4650,2.8,1.4,3418
2024,Loures,209877,9.8,3,11.1,6038,1440.3,54,6210,2.6,1.5,2534
2024,Lourinha,28978,11.5,0,7.9,645,1169.6,6,793,4.1,0.8,1563
2024,Lousa,17662,11.6,0,6.2,516,1220.6,5,303,3,2.7,1021
2024,Lousada,48652,7.8,0,7.5,1585,1076.2,9,962,2.6,1.6,1009
2024,Macao,6399,23.1,0,3.9,121,1072.8,5,215,1.6,0.5,286
2024,Macedo De Cavaleiros,14253,14.7,0,4.4,557,1108,4,364,3.4,0.8,503
2024,Machico,19679,11.8,24.4,6.3,,1229.7,5,475,4.5,2,1626
2024,Madalena,6559,11.9,0,7.3,,1136.7,2,232,3.7,3.4,1187
2024,Mafra,91248,7.3,4,8.3,1413,1256,17,2340,4.9,1.7,2340
2024,Maia,144664,8,2,6.8,3512,1524.7,28,4048,3.2,1.7,1899
2024,Mangualde,18766,14.8,0,6,549,1342.5,8,586,4.3,2.3,520
2024,Manteigas,2951,12.6,0,6.5,52,1067.3,2,84,3.4,0,379
2024,Marco De Canaveses,49501,9.4,0,6.8,2579,1087.3,12,1173,4.1,2,860
2024,Marinha Grande,41773,10.7,6.7,7.2,1635,1515.6,9,1258,3.3,1.8,1174
2024,Marvao,3020,18.9,0,7.3,51,972.4,3,62,3.3,2.3,505
2024,Matosinhos,181046,9.9,3.5,6.4,6200,1600.7,37,5202,2.7,1.7,2387
2024,Mealhada,20023,11.7,0,5.9,385,1340.5,7,500,4,1.6,977
2024,Meda,4594,17,0,5.2,51,1019.1,1,113,2.2,0.7,412
2024,Melgaco,7557,22.6,0,3.8,107,1069.4,3,317,1.8,1.3,382
2024,Mertola,6066,21.8,0,4.4,148,1038.6,2,137,3.1,0.5,472
2024,Mesao Frio,3449,16.4,0,3.5,168,1029.5,3,96,6.1,0.9,488
2024,Mira,12720,13.8,0,6.5,277,1144.4,6,326,1.8,0.8,1159
2024,Miranda Do Corvo,12269,14.1,0,5.6,301,1098,3,205,2.5,2,793
2024,Miranda Do Douro,6220,19.7,0,3.2,157,1046.2,2,187,1.3,0.8,412
2024,Mirandela,21344,13.4,9.2,5.1,756,1135.7,7,593,2.5,1.5,667
2024,Mogadouro,8169,18.9,0,6.1,294,1045.9,2,118,3,0.6,350
2024,Moimenta Da Beira,9776,13.7,14.3,7.2,642,1041,3,294,3.1,2.2,350
2024,Moita,70399,11.2,3.9,11,2704,1257.8,16,2403,3.6,2,1696
2024,Moncao,18004,18.4,0,5.8,306,1139.3,6,329,4.1,1.1,929
2024,Monchique,5337,17.8,21.7,8.6,113,1106.7,3,178,22.1,1.3,1270
2024,Mondim De Basto,6394,13.6,0,5.3,236,976.1,2,152,4.5,1.2,602
2024,Monforte,3017,11,0,8.6,182,1201.1,4,65,3,0.7,404
2024,Montalegre,9100,19.4,0,3.2,265,1054.8,5,254,0.3,1.2,464
2024,Montemor-O-Novo,15912,16.4,0,7.5,242,1187,11,536,2.6,1.4,1087
2024,Montemor-O-Velho,25131,13.5,0,7.1,563,1195.2,11,425,3.3,1.2,744
2024,Montijo,60612,9.2,3.2,10.3,2091,1206.1,14,2324,2.7,1.6,1938
2024,Mora,4161,19.2,0,5.8,61,1142.3,5,118,3.8,1.4,799
2024,Mortagua,9104,17.3,0,5,106,1337.1,4,210,2.8,1.1,631
2024,Moura,13331,15.2,0,8.9,894,1137.2,11,421,3.3,1.4,549
2024,Mourao,2432,21.4,0,7.4,175,1142.2,2,157,0.8,1.2,724
2024,Murca,5229,20.8,0,4,332,1150,2,112,4.6,2.3,303
2024,Murtosa,11360,11.3,0,7.2,199,1125.2,4,355,8.8,1.6,1065
2024,Nazare,15856,11.2,0,8.6,384,1225.7,6,604,10,1.4,2268
2024,Nelas,13508,13.7,0,7.2,368,1305.6,6,333,2.3,1.2,675
2024,Nisa,5633,32.2,0,5.3,176,1036.6,5,165,2.3,1.4,370
2024,Nordeste,4439,12.4,0,5.9,,1005.8,2,120,4.3,1.8,842
2024,Obidos,13720,11.9,12.3,6,202,1242.8,5,365,5.1,1.2,1860
2024,Odemira,33866,11.2,6.6,9,2437,1077.7,12,850,1.3,0.9,1349
2024,Odivelas,156278,8.9,4.4,11.7,4075,1185.9,36,2803,,1.3,2713
2024,Oeiras,177866,9.6,2.9,7.8,3933,2104.8,51,4729,4.2,1.3,3349
2024,Oleiros,4912,23.5,0,5.3,61,1187.9,3,144,1.8,0.4,433
2024,Olhao,45452,12.4,2.9,7.5,1198,1165.5,10,2082,2.1,1.5,2096
2024,Oliveira De Azemeis,67471,10,0,6.4,1718,1368.8,16,1234,2.3,1.7,1046
2024,Oliveira De Frades,9840,12.3,16.9,6,245,1391.3,3,267,4.2,1.2,768
2024,Oliveira Do Bairro,25779,11.1,0,7.4,589,1302.7,7,889,5.1,2.3,1111
2024,Oliveira Do Hospital,19610,11.8,6.6,7.8,614,1110.7,9,379,1.8,1.6,602
2024,Ourem,46988,13,0,7.1,735,1244.4,20,1252,4.1,1.7,990
2024,Ourique,4785,23.5,0,5.6,110,1117.8,5,148,2.9,0.8,626
2024,Ovar,57680,9.2,0,7.2,1433,1363.2,16,1561,3.3,1.6,1471
2024,Pacos De Ferreira,56071,8,7.1,7.6,1900,1104.1,11,1255,3.5,2,1080
2024,Palmela,74462,10.6,4.9,8.4,1725,1511.4,15,2493,4,1.7,1868
2024,Pampilhosa Da Serra,4182,20.9,0,3.1,67,1061.5,2,75,1.9,1.2,277
2024,Paredes,86560,7.5,1.5,7.6,2782,1136.5,16,1956,4.4,1.9,1200
2024,Paredes De Coura,8688,13.8,0,4.7,209,1137.3,3,241,2.3,1.6,696
2024,Pedrogao Grande,3718,14.2,0,6,101,1080.2,3,78,3.3,1.4,596
2024,Penacova,12951,14.5,13.3,5.8,201,1258.2,7,241,2.1,1.5,574
2024,Penafiel,70421,8.8,1.9,7.4,2324,1180.5,15,1606,3.8,1.5,1056
2024,Penalva Do Castelo,7414,17.3,29.4,4.6,156,1089.9,2,132,2.8,1.5,386
2024,Penamacor,4821,25.4,0,3.7,136,1058.5,5,202,0.2,1,296
2024,Penedono,2808,15.7,0,2.9,89,952.9,1,45,3.9,3.9,
2024,Penela,5714,15.2,32.3,5.5,121,1175.5,2,125,7.8,1.3,823
2024,Peniche,27792,12.7,4.8,7.6,784,1136.3,7,1045,3.3,2,1784
2024,Peso Da Regua,14275,13.9,0,5.8,833,1154.4,7,308,3.1,1.5,654
2024,Pinhel,7817,20,0,2.3,102,1045.2,5,199,0.6,0.8,341
2024,Pombal,52573,14,0,6.9,993,1241.4,21,1164,3.5,1.4,857
2024,Ponta Delgada,69038,9,5.1,8.5,,1432,17,3335,4.7,3,1500
2024,Ponta Do Sol,8920,9.9,0,7.4,,1094.3,2,114,4.2,2.2,1366
2024,Ponte Da Barca,11210,13.5,0,5.5,223,1053.7,3,325,2.6,1.2,897
2024,Ponte De Lima,41066,12.5,3.6,6.7,615,1148.3,10,921,4.5,1.4,1111
2024,Ponte De Sor,15123,18.2,0,6.8,445,1179.5,7,604,2.2,0.9,759
2024,Portalegre,21754,14.1,7.5,6.1,564,1262.3,14,663,2.5,2,773
2024,Portel,5734,14.8,0,4.4,196,1170.1,6,179,3.7,1,502
2024,Portimao,64466,10.9,0,9.6,2809,1221.2,12,3099,2,2,2584
2024,Porto,252687,11.9,2.6,7.6,11046,1761.4,105,15310,4.4,1.6,2757
2024,Porto De Mos,24310,13,20.2,8.2,465,1331.4,9,690,1.9,1.4,895
2024,Porto Moniz,2598,14.8,0,5.5,,1000.1,1,72,33.9,3.2,984
2024,Porto Santo,5717,7.6,0,6,,1345.1,1,239,7.8,2.2,1998
2024,Povoa De Lanhoso,22931,9.2,0,7.3,643,1050.5,5,578,3,2.2,990
2024,Povoa De Varzim,68459,9.2,3.8,7.8,2186,1228.5,15,1504,5.4,2.2,1873
2024,Povoacao,5883,11.6,0,5.4,,1094.7,2,165,0.7,1.9,1193
2024,Proenca-A-Nova,7102,19.6,0,4.5,125,1202.1,2,216,3.2,1.5,611
2024,Redondo,6290,14,0,6.4,221,1157.1,3,174,0.8,1.6,700
2024,Reguengos De Monsaraz,9840,19.3,0,8.1,439,1144,5,378,3.4,1,882
2024,Resende,9628,13.9,0,5.2,536,1021.3,3,213,3.7,1.1,478
2024,Ribeira Brava,13322,11.3,0,6.3,,1129.8,4,260,3.9,2.2,1355
2024,Ribeira De Pena,5840,16.6,0,5.1,262,1206.7,2,151,2.1,0.9,758
2024,Ribeira Grande,32397,8.8,3.5,8.9,,1171.4,7,1868,3,1.9,694
2024,Rio Maior,22678,11.7,5,8.9,452,1257.3,5,861,2.5,1.4,1041
2024,Sabrosa,5627,17.2,0,5.3,230,1180.7,2,102,4.4,1.4,542
2024,Sabugal,11290,25,30.3,2.9,185,1091,9,301,1.8,1.1,277
2024,Salvaterra De Magos,23827,12.8,0,6.2,687,1165.2,9,788,3.1,1.7,1356
2024,Santa Comba Dao,11022,13.2,0,6.4,312,1126,4,307,4.1,1.2,546
2024,Santa Cruz,44816,7.4,3.1,7.2,,1275.6,7,774,4,2.4,2109
2024,Santa Cruz Da Graciosa,4070,16.9,64.5,7.6,,1215.1,1,128,1.2,0.7,274
2024,Santa Cruz Das Flores,2114,17.1,0,5.7,,1482.6,2,77,3.3,1.9,
2024,Santa Maria Da Feira,140568,8.9,4,7.1,4551,1301.7,27,2970,2.6,2,1297
2024,Santa Marta De Penaguiao,5949,14.8,0,4.2,339,1030.8,2,95,1.2,0.7,438
2024,Santana,6516,13.1,0,4.9,,1060.2,3,107,5.4,1.7,1023
2024,Santarem,61664,12.7,0,8.4,1516,1301.6,25,1666,3.5,1.7,1137
2024,Santiago Do Cacem,28294,12.8,5.8,6.1,469,1273.1,11,1001,2.5,1.7,1747
2024,Santo Tirso,67713,10.8,0,6.1,2212,1264.1,18,1444,3.6,1.7,1224
2024,Sao Bras De Alportel,11730,10.9,0,6.9,206,1145.4,2,435,23.9,1.7,1937
2024,Sao Joao Da Madeira,24247,8.4,0,5.9,985,1321.5,5,657,6.1,2.4,1224
2024,Sao Joao Da Pesqueira,6743,14.2,25.6,5.8,181,1146.8,3,143,1.8,1.5,325
2024,Sao Pedro Do Sul,15296,17.6,0,5,462,1029.1,9,320,2.2,1.8,772
2024,Sao Roque Do Pico,3461,10.8,0,5.5,,1242,1,85,3.8,2.1,
2024,Sao Vicente,5123,12.1,27,7.3,,1043.7,3,88,2.8,1.8,1041
2024,Sardoal,3638,17.6,0,4.7,104,998.9,2,107,3.6,1.7,569
2024,Satao,11265,13.7,0,6.2,355,1001.5,3,169,2.1,1.4,590
2024,Seia,21410,17.8,0,6.2,647,1081.1,10,774,2,0.9,501
2024,Seixal,176883,9.5,5.2,11,5326,1504.9,39,4548,2.5,1.9,2080
2024,Sernancelhe,5818,14.6,0,4.8,195,1023.2,2,81,1.9,0.3,279
2024,Serpa,13673,17.7,0,6.6,622,1102.1,5,422,2.9,1.7,661
2024,Serta,14983,15.3,0,5.6,465,1083.9,4,490,3.1,2,808
2024,Sesimbra,56576,10.2,2.3,7.7,1380,1166.5,8,2092,5.6,1.3,2262
2024,Setubal,124339,11.6,1.8,8.9,4364,1429.1,30,4226,6.3,2,1985
2024,Sever Do Vouga,11023,13.4,0,7.8,158,1292.3,5,271,0.8,1.4,639
2024,Silves,40309,13.8,0,9.2,1343,1215.8,11,1753,2.8,1.4,2333
2024,Sines,14796,11.3,0,7.7,423,2180.8,3,886,3.5,1,1993
2024,Sintra,400947,8.3,4.1,11.1,11136,1439.5,69,11383,3.1,1.6,2205
2024,Sobral De Monte Agraco,12214,10.3,0,7.7,184,1156.1,3,403,6.9,1.4,1291
2024,Soure,17302,17.2,0,4.9,330,1236,9,250,2.3,1.5,713
2024,Sousel,4403,20.4,0,5.7,165,1127.5,4,134,2.5,0.5,526
2024,Tabua,11784,14.1,0,7.4,344,1159.4,5,253,2.2,1.9,553
2024,Tabuaco,5031,13.3,0,3.6,265,1152.5,3,89,3,1.2,269
2024,Tarouca,7704,13.1,0,5.4,457,1074,2,127,3.4,1.7,630
2024,Tavira,28280,13.1,0,6.5,610,1125,11,1314,2.3,1.5,2801
2024,Terras De Bouro,6356,15.9,0,5.3,211,1141.7,3,206,3.3,1.6,761
2024,Tomar,37039,15.2,0,6,851,1199.7,14,1143,1.4,1.7,907
2024,Tondela,25957,14.8,0,5.5,637,1306.3,13,578,1.9,1.5,562
2024,Torre De Moncorvo,6638,27.5,0,3.1,315,1036.1,3,230,2.2,1.8,318
2024,Torres Novas,34986,14.3,0,6.7,905,1298.5,12,1036,3,1.9,878
2024,Torres Vedras,89526,10,0,8.3,2017,1232.8,24,2300,3.3,1.6,1755
2024,Trancoso,8402,17.9,0,4.5,91,1131.1,6,173,3.6,1.9,417
2024,Trofa,40294,7.9,6.5,7.6,1125,1342.4,8,719,2.6,1.4,1446
2024,Vagos,25167,11.3,5.2,7.8,478,1275.4,7,554,3.7,1.1,1286
2024,Vale De Cambra,21239,13,0,6.8,345,1367.5,6,611,5.1,1.7,1026
2024,Valenca,14297,13.7,0,7.1,498,1158,3,524,2.5,1.2,888
2024,Valongo,101464,8,1.4,7.1,3232,1308.4,18,2159,4.8,2,1715
2024,Valpacos,14532,19,0,4.7,505,1006.7,7,449,2.7,0.9,421
2024,Velas,4949,16,0,5.5,,1146,2,118,3,2.2,667
2024,Vendas Novas,11591,16.5,20,8.6,293,1248.7,4,334,4.2,1.7,1286
2024,Viana Do Alentejo,5592,16.4,0,7.2,125,1091,4,200,3.8,1.4,711
2024,Viana Do Castelo,86975,11.1,3.2,7.3,1963,1341.1,27,2520,3.9,1.8,1472
2024,Vidigueira,5261,20,0,5.9,239,1219,2,190,2.7,0.6,604
2024,Vieira Do Minho,12067,12.7,0,4.1,452,1021.5,4,266,2.5,1.7,538
2024,Vila Da Praia Da Vitoria,19862,9.8,0,7.3,,1239.7,6,592,2.9,2,1031
2024,Vila De Rei,3455,24.1,0,5.5,71,1007.7,1,62,2,1.5,457
2024,Vila Do Bispo,6048,13.2,0,8.5,169,1120.4,2,356,7.5,1,2961
2024,Vila Do Conde,85871,8.9,1.7,7,2379,1363.8,18,2229,5.4,1.9,1886
2024,Vila Do Porto,5504,12.5,0,7.6,,2142.2,2,134,4.2,2.4,1188
2024,Vila Flor,6022,18.4,0,4.8,247,1106.8,2,153,1.7,1.2,368
2024,Vila Franca De Xira,140711,8.4,1.5,9.6,4275,1475.2,29,3321,2.7,1.5,2086
2024,Vila Franca Do Campo,10368,10.1,0,7.8,,1057.4,2,263,1.9,1.3,1107
2024,Vila Nova Da Barquinha,8032,12.6,0,8.9,177,1117.3,3,215,10.4,1.3,1001
2024,Vila Nova De Cerveira,9425,14.8,0,7.5,262,1317.9,3,330,3.5,1.8,864
2024,Vila Nova De Famalicao,136704,9,0.9,8.1,3803,1347.6,29,2757,3,1.7,1349
2024,Vila Nova De Foz Coa,6383,15.4,0,4.2,169,1097.8,4,239,2,1.4,406
2024,Vila Nova De Gaia,312984,9.4,4.4,7.3,10991,1392.3,66,8217,3,1.9,1912
2024,Vila Nova De Paiva,4836,12.3,0,5.2,119,1048.4,1,79,3.8,1.7,519
2024,Vila Nova De Poiares,7261,15.4,0,8.5,182,1178.4,2,141,4.4,1.8,684
2024,Vila Pouca De Aguiar,11819,15,0,4.1,411,1061.5,4,251,1.6,1.6,767
2024,Vila Real,50043,10.6,0,6.1,2353,1308.6,16,1205,3.3,1.9,1149
2024,Vila Real De Santo Antonio,19546,12.8,0,7.9,582,1179.5,5,939,2.9,1.5,2491
2024,Vila Velha De Rodao,3577,22.3,0,6.5,79,1547.3,1,119,0.6,0.6,283
2024,Vila Verde,48701,9.3,2.6,8.1,1150,1096.1,11,1308,3.4,1.4,1155
2024,Vila Vicosa,7267,15.4,0,4.4,150,1254.9,5,192,3,1.5,534
2024,Vimioso,4174,20.8,0,4.1,98,1006.4,3,108,3.4,1.2,311
2024,Vinhais,7355,20.9,0,3.4,275,998.2,3,141,0.7,0.9,379
2024,Viseu,103502,10.5,3.7,7.8,2721,1255,26,2671,2.8,2,1152
2024,Vizela,24688,7.1,0,8.4,962,1104.9,4,411,2.4,1.6,1127
2024,Vouzela,9807,13.3,0,4.9,202,1127.6,4,234,2.4,1.3,516
